<?xml version="1.0" encoding="UTF-8" standalone="yes"?>
<addon id="plugin.video.exabytetvprivadov4" name="Exabyte TV Privado v4 Dic 2020" version="3.0" provider-name="Sahid CG">
  <requires>
    <import addon="xbmc.python" version="2.1.0"/>
	<import addon="script.module.addon.common" />
  </requires>
  <extension point="xbmc.python.pluginsource" library="init.py">
        <provides>video executable</provides>
  </extension>
  <extension point="xbmc.addon.metadata">
    <summary lang="es">Exabyte TV Privado</summary>
    <website>http://exabytetv.info/privado</website>
    <description lang="es">Addon para la lista privada de Exabyte TV para KODI</description>
    <forum>http://blog.exabytetv.info/</forum>
    <email>exabytetv.info@gmail.com</email>
    <disclaimer lang="es"></disclaimer>
    <platform>all</platform>
  </extension>
</addon>
